timestamp,entry,mood
2025-03-30 08:45,I woke up feeling refreshed today and excited to start the day.,positive
2025-03-30 12:30,Felt overwhelmed with the number of tasks at work.,negative
2025-03-30 19:00,"Had a quiet walk in the park, it helped me clear my head.",neutral
2025-03-29 07:15,"Didn't sleep well last night, feeling really low.",negative
2025-03-29 14:20,Had a fun call with an old friend. It made my day!,positive
2025-03-29 21:00,Struggled to focus all day. My mind kept wandering.,negative
2025-03-28 10:00,Nothing special happened today. Just a regular day.,neutral
2025-03-28 16:45,I finished a task I’ve been avoiding for weeks. Felt amazing!,positive
2025-03-28 22:00,Feeling anxious for no reason. Can’t shake it off.,negative
2025-03-27 09:10,Had a delicious breakfast and got a lot done today.,positive
2025-03-27 15:30,Felt socially drained after the group meeting.,negative
2025-03-27 20:15,Watched a relaxing documentary. Was soothing.,neutral
2025-03-26 11:00,"Kept making silly mistakes, felt disappointed with myself.",negative
2025-03-26 17:45,Sunset was beautiful today. Felt peaceful inside.,positive
2025-03-26 22:00,"Just feeling numb today. Not sad, not happy, just blank.",neutral
2025-03-30 15:34:53,I had a good day today. Things felt calm and positive.,positive
2025-03-30 15:35:10,I feel anxious and overwhelmed today.,negative
2025-03-30 15:35:58,I feel anxious and overwhelmed today.,negative
2025-03-30 15:36:10,"Wow, what an amazing day — I lost my phone and got drenched in the rain. Just perfect.",positive
2025-03-30 15:36:28,"I’m not unhappy, but I’m definitely not thrilled either.",negative
2025-03-30 16:02:05,I am verry sad yeahhh,NEGATIVE
2025-03-30 16:02:09,Not satisfied ,NEGATIVE
2025-03-30 22:26:23,"its a normal day i am not satisfied from what i does today 
",NEGATIVE
2025-03-30 22:26:34,"its a normal day i am not happy from what i does today 
",NEGATIVE
2025-03-30 22:26:41,"its a normal day i am happy from what i does today 
",POSITIVE
